n,RMSE,MAE,MAPE,SMAPE,Bias_mean,Bias_sd,team,model
7560,5.436069095027426,3.815965208185585,0.6855388150729597,0.5276521291043711,0.21866715917790572,5.432028618585146,"Team DK 1, Travelcare",GLM_NegBin
7560,3.6888547895442296,2.621952453014273,0.6958652006397916,0.6536784384777039,-0.11795546093064563,3.687212296397759,"Team FI 1, Travelcare",GLM_NegBin
7560,5.870087355598,4.1182082027873745,0.8602109548255452,0.59428061101962,2.411735874881939,5.352125249439596,"Team NO 1, Travelcare",GLM_NegBin
7560,4.813150017889926,3.516396704188568,0.7940801314286978,0.577746462052912,1.3712691828618322,4.6139841686209655,"Team SE 1, Travelcare",GLM_NegBin
7560,4.847330439808516,3.167832631616145,0.6183543700267771,0.6787862164367778,-1.3866821245268321,4.645059646879637,"Team SE 2, Travelcare",GLM_NegBin
