n,RMSE,MAE,MAPE,SMAPE,Bias_mean,Bias_sd,team,model
7560,4.513270559169915,3.1950684266506104,0.7270203948581612,0.5708369368306959,0.9092995144960334,4.421014691191193,"Team DK 1, Travelcare",GLM_NegBin_baseline
7560,2.5360805076571924,1.8352004731003249,0.6253655711999163,0.697148678747452,0.10560827658473652,2.534048268058962,"Team FI 1, Travelcare",GLM_NegBin_lags
7560,3.149572614149082,2.269782581300093,0.6132930265914772,0.5856863344920402,0.22414875521809832,3.1417941781813177,"Team NO 1, Travelcare",GLM_NegBin_lags
7560,3.259488882515283,2.3890441917903424,0.6257851596321412,0.5691990435376999,0.056955983354336374,3.2592067860731615,"Team SE 1, Travelcare",GLM_NegBin_lags
7560,3.8529453387408763,2.5573114321154273,0.5823105115864947,0.7197867557542753,-1.1503979155048107,3.6774394964676707,"Team SE 2, Travelcare",GLM_NegBin_baseline
