weekday,index_value
mandag,1.095305832
tirsdag,1.015647226
onsdag,0.906116643
torsdag,0.965860597
fredag,1.025604552
lørdag,1.045519203
søndag,0.945945946
