n,RMSE,MAE,MAPE,SMAPE,Bias_mean,Bias_sd,team,model
7560,4.26467507979888,2.84824905019769,0.608645252900536,0.5400328035180251,0.4027142659129914,4.245899123544413,"Team DK 1, Travelcare",GLM_NegBin_lags
7560,2.5361167292516256,1.8351944397053217,0.6253421749109352,0.6971502782701339,0.10544856520785596,2.5340911753264086,"Team FI 1, Travelcare",GLM_NegBin_lags
7560,3.1493633563953827,2.2695596738457717,0.6132585960130287,0.5856711769111027,0.2235681843297275,3.1416257492412143,"Team NO 1, Travelcare",GLM_NegBin_lags
7560,3.260474854012793,2.3893527998244095,0.6257483129732367,0.5691639703726796,0.05618265971678796,3.2602063934050247,"Team SE 1, Travelcare",GLM_NegBin_lags
7560,3.8543335879763307,2.5579801220279315,0.5822426269078681,0.7198468074593595,-1.1519285063278961,3.6784151347907557,"Team SE 2, Travelcare",GLM_NegBin_baseline
